<?xml version="1.0" standalone="yes"?>  <DATAPACKET Version="2.0"><METADATA><FIELDS><FIELD attrname="id_Ingrediente" fieldtype="i4"/><FIELD attrname="qtde" fieldtype="i4"/><FIELD attrname="descricao" fieldtype="string" WIDTH="150"/><FIELD attrname="unitario" fieldtype="fixedFMT" WIDTH="32"/><FIELD attrname="total" fieldtype="fixedFMT" DECIMALS="8" WIDTH="32"/></FIELDS><PARAMS CHANGE_LOG="1 0 4 2 0 4 3 0 4 4 0 4 4 0 2 3 0 2 2 0 2 1 0 2 5 0 4 6 0 4"/></METADATA><ROWDATA><ROW RowState="6" id_Ingrediente="5" qtde="2" unitario="3" total="6.28000000"/><ROW RowState="6" id_Ingrediente="6" qtde="1" unitario="10" total="10.36000000"/><ROW RowState="6" id_Ingrediente="4" qtde="2" unitario="2" total="4.72000000"/><ROW RowState="6" id_Ingrediente="7" qtde="1" unitario="5" total="5.11000000"/><ROW RowState="4" id_Ingrediente="6" qtde="1" descricao="Hamburger de Frango" unitario="10" total="10.36000000"/><ROW RowState="4" id_Ingrediente="4" qtde="2" descricao="Tomate" unitario="2" total="4.72000000"/></ROWDATA></DATAPACKET>